-- MySQL dump 10.13  Distrib 8.0.36, for Linux (x86_64)
--
-- Host: localhost    Database: appt_calendar
-- ------------------------------------------------------
-- Server version	8.0.36-0ubuntu0.20.04.1

/*!40101 SET @OLD_CHARACTER_SET_CLIENT=@@CHARACTER_SET_CLIENT */;
/*!40101 SET @OLD_CHARACTER_SET_RESULTS=@@CHARACTER_SET_RESULTS */;
/*!40101 SET @OLD_COLLATION_CONNECTION=@@COLLATION_CONNECTION */;
/*!50503 SET NAMES utf8mb4 */;
/*!40103 SET @OLD_TIME_ZONE=@@TIME_ZONE */;
/*!40103 SET TIME_ZONE='+00:00' */;
/*!40014 SET @OLD_UNIQUE_CHECKS=@@UNIQUE_CHECKS, UNIQUE_CHECKS=0 */;
/*!40014 SET @OLD_FOREIGN_KEY_CHECKS=@@FOREIGN_KEY_CHECKS, FOREIGN_KEY_CHECKS=0 */;
/*!40101 SET @OLD_SQL_MODE=@@SQL_MODE, SQL_MODE='NO_AUTO_VALUE_ON_ZERO' */;
/*!40111 SET @OLD_SQL_NOTES=@@SQL_NOTES, SQL_NOTES=0 */;

--
-- Table structure for table `appt_calendar_app_account`
--

DROP TABLE IF EXISTS `appt_calendar_app_account`;
/*!40101 SET @saved_cs_client     = @@character_set_client */;
/*!50503 SET character_set_client = utf8mb4 */;
CREATE TABLE `appt_calendar_app_account` (
  `id` bigint NOT NULL AUTO_INCREMENT,
  `name` varchar(120) NOT NULL,
  `description` varchar(320) NOT NULL,
  PRIMARY KEY (`id`)
) ENGINE=InnoDB AUTO_INCREMENT=2 DEFAULT CHARSET=utf8mb4 COLLATE=utf8mb4_0900_ai_ci;
/*!40101 SET character_set_client = @saved_cs_client */;

--
-- Dumping data for table `appt_calendar_app_account`
--

LOCK TABLES `appt_calendar_app_account` WRITE;
/*!40000 ALTER TABLE `appt_calendar_app_account` DISABLE KEYS */;
INSERT INTO `appt_calendar_app_account` VALUES (1,'IMH Studio','IMH Studio Account');
/*!40000 ALTER TABLE `appt_calendar_app_account` ENABLE KEYS */;
UNLOCK TABLES;

--
-- Table structure for table `appt_calendar_app_appointment`
--

DROP TABLE IF EXISTS `appt_calendar_app_appointment`;
/*!40101 SET @saved_cs_client     = @@character_set_client */;
/*!50503 SET character_set_client = utf8mb4 */;
CREATE TABLE `appt_calendar_app_appointment` (
  `id` bigint NOT NULL AUTO_INCREMENT,
  `datetime` datetime(6) NOT NULL,
  `location` varchar(120) NOT NULL,
  `event_id` bigint NOT NULL,
  PRIMARY KEY (`id`),
  KEY `appt_calendar_app_ap_event_id_127c6d13_fk_appt_cale` (`event_id`),
  CONSTRAINT `appt_calendar_app_ap_event_id_127c6d13_fk_appt_cale` FOREIGN KEY (`event_id`) REFERENCES `appt_calendar_app_event` (`id`)
) ENGINE=InnoDB DEFAULT CHARSET=utf8mb4 COLLATE=utf8mb4_0900_ai_ci;
/*!40101 SET character_set_client = @saved_cs_client */;

--
-- Dumping data for table `appt_calendar_app_appointment`
--

LOCK TABLES `appt_calendar_app_appointment` WRITE;
/*!40000 ALTER TABLE `appt_calendar_app_appointment` DISABLE KEYS */;
/*!40000 ALTER TABLE `appt_calendar_app_appointment` ENABLE KEYS */;
UNLOCK TABLES;

--
-- Table structure for table `appt_calendar_app_appointment_invitees`
--

DROP TABLE IF EXISTS `appt_calendar_app_appointment_invitees`;
/*!40101 SET @saved_cs_client     = @@character_set_client */;
/*!50503 SET character_set_client = utf8mb4 */;
CREATE TABLE `appt_calendar_app_appointment_invitees` (
  `id` bigint NOT NULL AUTO_INCREMENT,
  `appointment_id` bigint NOT NULL,
  `invitee_id` bigint NOT NULL,
  PRIMARY KEY (`id`),
  UNIQUE KEY `appt_calendar_app_appoin_appointment_id_invitee_i_d3342848_uniq` (`appointment_id`,`invitee_id`),
  KEY `appt_calendar_app_ap_invitee_id_eb202706_fk_appt_cale` (`invitee_id`),
  CONSTRAINT `appt_calendar_app_ap_appointment_id_44f6759b_fk_appt_cale` FOREIGN KEY (`appointment_id`) REFERENCES `appt_calendar_app_appointment` (`id`),
  CONSTRAINT `appt_calendar_app_ap_invitee_id_eb202706_fk_appt_cale` FOREIGN KEY (`invitee_id`) REFERENCES `appt_calendar_app_invitee` (`id`)
) ENGINE=InnoDB DEFAULT CHARSET=utf8mb4 COLLATE=utf8mb4_0900_ai_ci;
/*!40101 SET character_set_client = @saved_cs_client */;

--
-- Dumping data for table `appt_calendar_app_appointment_invitees`
--

LOCK TABLES `appt_calendar_app_appointment_invitees` WRITE;
/*!40000 ALTER TABLE `appt_calendar_app_appointment_invitees` DISABLE KEYS */;
/*!40000 ALTER TABLE `appt_calendar_app_appointment_invitees` ENABLE KEYS */;
UNLOCK TABLES;

--
-- Table structure for table `appt_calendar_app_event`
--

DROP TABLE IF EXISTS `appt_calendar_app_event`;
/*!40101 SET @saved_cs_client     = @@character_set_client */;
/*!50503 SET character_set_client = utf8mb4 */;
CREATE TABLE `appt_calendar_app_event` (
  `id` bigint NOT NULL AUTO_INCREMENT,
  `name` varchar(120) NOT NULL,
  `duration` int NOT NULL,
  `location` varchar(120) NOT NULL,
  `account_id` bigint NOT NULL,
  PRIMARY KEY (`id`),
  KEY `appt_calendar_app_ev_account_id_aa1502c0_fk_appt_cale` (`account_id`),
  CONSTRAINT `appt_calendar_app_ev_account_id_aa1502c0_fk_appt_cale` FOREIGN KEY (`account_id`) REFERENCES `appt_calendar_app_account` (`id`)
) ENGINE=InnoDB AUTO_INCREMENT=2 DEFAULT CHARSET=utf8mb4 COLLATE=utf8mb4_0900_ai_ci;
/*!40101 SET character_set_client = @saved_cs_client */;

--
-- Dumping data for table `appt_calendar_app_event`
--

LOCK TABLES `appt_calendar_app_event` WRITE;
/*!40000 ALTER TABLE `appt_calendar_app_event` DISABLE KEYS */;
INSERT INTO `appt_calendar_app_event` VALUES (1,'Free hair extensions consultation',30,'Benalmadena Salon',1);
/*!40000 ALTER TABLE `appt_calendar_app_event` ENABLE KEYS */;
UNLOCK TABLES;

--
-- Table structure for table `appt_calendar_app_invitee`
--

DROP TABLE IF EXISTS `appt_calendar_app_invitee`;
/*!40101 SET @saved_cs_client     = @@character_set_client */;
/*!50503 SET character_set_client = utf8mb4 */;
CREATE TABLE `appt_calendar_app_invitee` (
  `id` bigint NOT NULL AUTO_INCREMENT,
  `email` varchar(240) NOT NULL,
  `name` varchar(120) NOT NULL,
  PRIMARY KEY (`id`)
) ENGINE=InnoDB DEFAULT CHARSET=utf8mb4 COLLATE=utf8mb4_0900_ai_ci;
/*!40101 SET character_set_client = @saved_cs_client */;

--
-- Dumping data for table `appt_calendar_app_invitee`
--

LOCK TABLES `appt_calendar_app_invitee` WRITE;
/*!40000 ALTER TABLE `appt_calendar_app_invitee` DISABLE KEYS */;
/*!40000 ALTER TABLE `appt_calendar_app_invitee` ENABLE KEYS */;
UNLOCK TABLES;

--
-- Table structure for table `auth_group`
--

DROP TABLE IF EXISTS `auth_group`;
/*!40101 SET @saved_cs_client     = @@character_set_client */;
/*!50503 SET character_set_client = utf8mb4 */;
CREATE TABLE `auth_group` (
  `id` int NOT NULL AUTO_INCREMENT,
  `name` varchar(150) NOT NULL,
  PRIMARY KEY (`id`),
  UNIQUE KEY `name` (`name`)
) ENGINE=InnoDB DEFAULT CHARSET=utf8mb4 COLLATE=utf8mb4_0900_ai_ci;
/*!40101 SET character_set_client = @saved_cs_client */;

--
-- Dumping data for table `auth_group`
--

LOCK TABLES `auth_group` WRITE;
/*!40000 ALTER TABLE `auth_group` DISABLE KEYS */;
/*!40000 ALTER TABLE `auth_group` ENABLE KEYS */;
UNLOCK TABLES;

--
-- Table structure for table `auth_group_permissions`
--

DROP TABLE IF EXISTS `auth_group_permissions`;
/*!40101 SET @saved_cs_client     = @@character_set_client */;
/*!50503 SET character_set_client = utf8mb4 */;
CREATE TABLE `auth_group_permissions` (
  `id` bigint NOT NULL AUTO_INCREMENT,
  `group_id` int NOT NULL,
  `permission_id` int NOT NULL,
  PRIMARY KEY (`id`),
  UNIQUE KEY `auth_group_permissions_group_id_permission_id_0cd325b0_uniq` (`group_id`,`permission_id`),
  KEY `auth_group_permissio_permission_id_84c5c92e_fk_auth_perm` (`permission_id`),
  CONSTRAINT `auth_group_permissio_permission_id_84c5c92e_fk_auth_perm` FOREIGN KEY (`permission_id`) REFERENCES `auth_permission` (`id`),
  CONSTRAINT `auth_group_permissions_group_id_b120cbf9_fk_auth_group_id` FOREIGN KEY (`group_id`) REFERENCES `auth_group` (`id`)
) ENGINE=InnoDB DEFAULT CHARSET=utf8mb4 COLLATE=utf8mb4_0900_ai_ci;
/*!40101 SET character_set_client = @saved_cs_client */;

--
-- Dumping data for table `auth_group_permissions`
--

LOCK TABLES `auth_group_permissions` WRITE;
/*!40000 ALTER TABLE `auth_group_permissions` DISABLE KEYS */;
/*!40000 ALTER TABLE `auth_group_permissions` ENABLE KEYS */;
UNLOCK TABLES;

--
-- Table structure for table `auth_permission`
--

DROP TABLE IF EXISTS `auth_permission`;
/*!40101 SET @saved_cs_client     = @@character_set_client */;
/*!50503 SET character_set_client = utf8mb4 */;
CREATE TABLE `auth_permission` (
  `id` int NOT NULL AUTO_INCREMENT,
  `name` varchar(255) NOT NULL,
  `content_type_id` int NOT NULL,
  `codename` varchar(100) NOT NULL,
  PRIMARY KEY (`id`),
  UNIQUE KEY `auth_permission_content_type_id_codename_01ab375a_uniq` (`content_type_id`,`codename`),
  CONSTRAINT `auth_permission_content_type_id_2f476e4b_fk_django_co` FOREIGN KEY (`content_type_id`) REFERENCES `django_content_type` (`id`)
) ENGINE=InnoDB AUTO_INCREMENT=41 DEFAULT CHARSET=utf8mb4 COLLATE=utf8mb4_0900_ai_ci;
/*!40101 SET character_set_client = @saved_cs_client */;

--
-- Dumping data for table `auth_permission`
--

LOCK TABLES `auth_permission` WRITE;
/*!40000 ALTER TABLE `auth_permission` DISABLE KEYS */;
INSERT INTO `auth_permission` VALUES (1,'Can add log entry',1,'add_logentry'),(2,'Can change log entry',1,'change_logentry'),(3,'Can delete log entry',1,'delete_logentry'),(4,'Can view log entry',1,'view_logentry'),(5,'Can add permission',2,'add_permission'),(6,'Can change permission',2,'change_permission'),(7,'Can delete permission',2,'delete_permission'),(8,'Can view permission',2,'view_permission'),(9,'Can add group',3,'add_group'),(10,'Can change group',3,'change_group'),(11,'Can delete group',3,'delete_group'),(12,'Can view group',3,'view_group'),(13,'Can add user',4,'add_user'),(14,'Can change user',4,'change_user'),(15,'Can delete user',4,'delete_user'),(16,'Can view user',4,'view_user'),(17,'Can add content type',5,'add_contenttype'),(18,'Can change content type',5,'change_contenttype'),(19,'Can delete content type',5,'delete_contenttype'),(20,'Can view content type',5,'view_contenttype'),(21,'Can add session',6,'add_session'),(22,'Can change session',6,'change_session'),(23,'Can delete session',6,'delete_session'),(24,'Can view session',6,'view_session'),(25,'Can add account',7,'add_account'),(26,'Can change account',7,'change_account'),(27,'Can delete account',7,'delete_account'),(28,'Can view account',7,'view_account'),(29,'Can add invitee',8,'add_invitee'),(30,'Can change invitee',8,'change_invitee'),(31,'Can delete invitee',8,'delete_invitee'),(32,'Can view invitee',8,'view_invitee'),(33,'Can add event',9,'add_event'),(34,'Can change event',9,'change_event'),(35,'Can delete event',9,'delete_event'),(36,'Can view event',9,'view_event'),(37,'Can add appointment',10,'add_appointment'),(38,'Can change appointment',10,'change_appointment'),(39,'Can delete appointment',10,'delete_appointment'),(40,'Can view appointment',10,'view_appointment');
/*!40000 ALTER TABLE `auth_permission` ENABLE KEYS */;
UNLOCK TABLES;

--
-- Table structure for table `auth_user`
--

DROP TABLE IF EXISTS `auth_user`;
/*!40101 SET @saved_cs_client     = @@character_set_client */;
/*!50503 SET character_set_client = utf8mb4 */;
CREATE TABLE `auth_user` (
  `id` int NOT NULL AUTO_INCREMENT,
  `password` varchar(128) NOT NULL,
  `last_login` datetime(6) DEFAULT NULL,
  `is_superuser` tinyint(1) NOT NULL,
  `username` varchar(150) NOT NULL,
  `first_name` varchar(150) NOT NULL,
  `last_name` varchar(150) NOT NULL,
  `email` varchar(254) NOT NULL,
  `is_staff` tinyint(1) NOT NULL,
  `is_active` tinyint(1) NOT NULL,
  `date_joined` datetime(6) NOT NULL,
  PRIMARY KEY (`id`),
  UNIQUE KEY `username` (`username`)
) ENGINE=InnoDB AUTO_INCREMENT=2 DEFAULT CHARSET=utf8mb4 COLLATE=utf8mb4_0900_ai_ci;
/*!40101 SET character_set_client = @saved_cs_client */;

--
-- Dumping data for table `auth_user`
--

LOCK TABLES `auth_user` WRITE;
/*!40000 ALTER TABLE `auth_user` DISABLE KEYS */;
INSERT INTO `auth_user` VALUES (1,'pbkdf2_sha256$600000$0jd4ZUWHC9W66eqlKcBOpS$XKQ7eoYJR6G3XbgeVAo1or4xjmqOc3ivfWZje55umPw=','2024-02-22 10:43:12.965881',1,'paco','','','paco@paco.com',1,1,'2024-02-22 10:42:50.491126');
/*!40000 ALTER TABLE `auth_user` ENABLE KEYS */;
UNLOCK TABLES;

--
-- Table structure for table `auth_user_groups`
--

DROP TABLE IF EXISTS `auth_user_groups`;
/*!40101 SET @saved_cs_client     = @@character_set_client */;
/*!50503 SET character_set_client = utf8mb4 */;
CREATE TABLE `auth_user_groups` (
  `id` bigint NOT NULL AUTO_INCREMENT,
  `user_id` int NOT NULL,
  `group_id` int NOT NULL,
  PRIMARY KEY (`id`),
  UNIQUE KEY `auth_user_groups_user_id_group_id_94350c0c_uniq` (`user_id`,`group_id`),
  KEY `auth_user_groups_group_id_97559544_fk_auth_group_id` (`group_id`),
  CONSTRAINT `auth_user_groups_group_id_97559544_fk_auth_group_id` FOREIGN KEY (`group_id`) REFERENCES `auth_group` (`id`),
  CONSTRAINT `auth_user_groups_user_id_6a12ed8b_fk_auth_user_id` FOREIGN KEY (`user_id`) REFERENCES `auth_user` (`id`)
) ENGINE=InnoDB DEFAULT CHARSET=utf8mb4 COLLATE=utf8mb4_0900_ai_ci;
/*!40101 SET character_set_client = @saved_cs_client */;

--
-- Dumping data for table `auth_user_groups`
--

LOCK TABLES `auth_user_groups` WRITE;
/*!40000 ALTER TABLE `auth_user_groups` DISABLE KEYS */;
/*!40000 ALTER TABLE `auth_user_groups` ENABLE KEYS */;
UNLOCK TABLES;

--
-- Table structure for table `auth_user_user_permissions`
--

DROP TABLE IF EXISTS `auth_user_user_permissions`;
/*!40101 SET @saved_cs_client     = @@character_set_client */;
/*!50503 SET character_set_client = utf8mb4 */;
CREATE TABLE `auth_user_user_permissions` (
  `id` bigint NOT NULL AUTO_INCREMENT,
  `user_id` int NOT NULL,
  `permission_id` int NOT NULL,
  PRIMARY KEY (`id`),
  UNIQUE KEY `auth_user_user_permissions_user_id_permission_id_14a6b632_uniq` (`user_id`,`permission_id`),
  KEY `auth_user_user_permi_permission_id_1fbb5f2c_fk_auth_perm` (`permission_id`),
  CONSTRAINT `auth_user_user_permi_permission_id_1fbb5f2c_fk_auth_perm` FOREIGN KEY (`permission_id`) REFERENCES `auth_permission` (`id`),
  CONSTRAINT `auth_user_user_permissions_user_id_a95ead1b_fk_auth_user_id` FOREIGN KEY (`user_id`) REFERENCES `auth_user` (`id`)
) ENGINE=InnoDB DEFAULT CHARSET=utf8mb4 COLLATE=utf8mb4_0900_ai_ci;
/*!40101 SET character_set_client = @saved_cs_client */;

--
-- Dumping data for table `auth_user_user_permissions`
--

LOCK TABLES `auth_user_user_permissions` WRITE;
/*!40000 ALTER TABLE `auth_user_user_permissions` DISABLE KEYS */;
/*!40000 ALTER TABLE `auth_user_user_permissions` ENABLE KEYS */;
UNLOCK TABLES;

--
-- Table structure for table `django_admin_log`
--

DROP TABLE IF EXISTS `django_admin_log`;
/*!40101 SET @saved_cs_client     = @@character_set_client */;
/*!50503 SET character_set_client = utf8mb4 */;
CREATE TABLE `django_admin_log` (
  `id` int NOT NULL AUTO_INCREMENT,
  `action_time` datetime(6) NOT NULL,
  `object_id` longtext,
  `object_repr` varchar(200) NOT NULL,
  `action_flag` smallint unsigned NOT NULL,
  `change_message` longtext NOT NULL,
  `content_type_id` int DEFAULT NULL,
  `user_id` int NOT NULL,
  PRIMARY KEY (`id`),
  KEY `django_admin_log_content_type_id_c4bce8eb_fk_django_co` (`content_type_id`),
  KEY `django_admin_log_user_id_c564eba6_fk_auth_user_id` (`user_id`),
  CONSTRAINT `django_admin_log_content_type_id_c4bce8eb_fk_django_co` FOREIGN KEY (`content_type_id`) REFERENCES `django_content_type` (`id`),
  CONSTRAINT `django_admin_log_user_id_c564eba6_fk_auth_user_id` FOREIGN KEY (`user_id`) REFERENCES `auth_user` (`id`),
  CONSTRAINT `django_admin_log_chk_1` CHECK ((`action_flag` >= 0))
) ENGINE=InnoDB AUTO_INCREMENT=3 DEFAULT CHARSET=utf8mb4 COLLATE=utf8mb4_0900_ai_ci;
/*!40101 SET character_set_client = @saved_cs_client */;

--
-- Dumping data for table `django_admin_log`
--

LOCK TABLES `django_admin_log` WRITE;
/*!40000 ALTER TABLE `django_admin_log` DISABLE KEYS */;
INSERT INTO `django_admin_log` VALUES (1,'2024-02-22 10:43:41.269603','1','IMH Studio',1,'[{\"added\": {}}]',7,1),(2,'2024-02-22 10:44:35.151388','1','Free hair extensions consultation',1,'[{\"added\": {}}]',9,1);
/*!40000 ALTER TABLE `django_admin_log` ENABLE KEYS */;
UNLOCK TABLES;

--
-- Table structure for table `django_content_type`
--

DROP TABLE IF EXISTS `django_content_type`;
/*!40101 SET @saved_cs_client     = @@character_set_client */;
/*!50503 SET character_set_client = utf8mb4 */;
CREATE TABLE `django_content_type` (
  `id` int NOT NULL AUTO_INCREMENT,
  `app_label` varchar(100) NOT NULL,
  `model` varchar(100) NOT NULL,
  PRIMARY KEY (`id`),
  UNIQUE KEY `django_content_type_app_label_model_76bd3d3b_uniq` (`app_label`,`model`)
) ENGINE=InnoDB AUTO_INCREMENT=11 DEFAULT CHARSET=utf8mb4 COLLATE=utf8mb4_0900_ai_ci;
/*!40101 SET character_set_client = @saved_cs_client */;

--
-- Dumping data for table `django_content_type`
--

LOCK TABLES `django_content_type` WRITE;
/*!40000 ALTER TABLE `django_content_type` DISABLE KEYS */;
INSERT INTO `django_content_type` VALUES (1,'admin','logentry'),(7,'appt_calendar_app','account'),(10,'appt_calendar_app','appointment'),(9,'appt_calendar_app','event'),(8,'appt_calendar_app','invitee'),(3,'auth','group'),(2,'auth','permission'),(4,'auth','user'),(5,'contenttypes','contenttype'),(6,'sessions','session');
/*!40000 ALTER TABLE `django_content_type` ENABLE KEYS */;
UNLOCK TABLES;

--
-- Table structure for table `django_migrations`
--

DROP TABLE IF EXISTS `django_migrations`;
/*!40101 SET @saved_cs_client     = @@character_set_client */;
/*!50503 SET character_set_client = utf8mb4 */;
CREATE TABLE `django_migrations` (
  `id` bigint NOT NULL AUTO_INCREMENT,
  `app` varchar(255) NOT NULL,
  `name` varchar(255) NOT NULL,
  `applied` datetime(6) NOT NULL,
  PRIMARY KEY (`id`)
) ENGINE=InnoDB AUTO_INCREMENT=20 DEFAULT CHARSET=utf8mb4 COLLATE=utf8mb4_0900_ai_ci;
/*!40101 SET character_set_client = @saved_cs_client */;

--
-- Dumping data for table `django_migrations`
--

LOCK TABLES `django_migrations` WRITE;
/*!40000 ALTER TABLE `django_migrations` DISABLE KEYS */;
INSERT INTO `django_migrations` VALUES (1,'contenttypes','0001_initial','2024-02-22 10:42:35.026942'),(2,'auth','0001_initial','2024-02-22 10:42:35.472295'),(3,'admin','0001_initial','2024-02-22 10:42:35.627433'),(4,'admin','0002_logentry_remove_auto_add','2024-02-22 10:42:35.639008'),(5,'admin','0003_logentry_add_action_flag_choices','2024-02-22 10:42:35.650478'),(6,'appt_calendar_app','0001_initial','2024-02-22 10:42:35.908466'),(7,'contenttypes','0002_remove_content_type_name','2024-02-22 10:42:35.986268'),(8,'auth','0002_alter_permission_name_max_length','2024-02-22 10:42:36.039998'),(9,'auth','0003_alter_user_email_max_length','2024-02-22 10:42:36.069009'),(10,'auth','0004_alter_user_username_opts','2024-02-22 10:42:36.082113'),(11,'auth','0005_alter_user_last_login_null','2024-02-22 10:42:36.123432'),(12,'auth','0006_require_contenttypes_0002','2024-02-22 10:42:36.127330'),(13,'auth','0007_alter_validators_add_error_messages','2024-02-22 10:42:36.139496'),(14,'auth','0008_alter_user_username_max_length','2024-02-22 10:42:36.198778'),(15,'auth','0009_alter_user_last_name_max_length','2024-02-22 10:42:36.253847'),(16,'auth','0010_alter_group_name_max_length','2024-02-22 10:42:36.280803'),(17,'auth','0011_update_proxy_permissions','2024-02-22 10:42:36.296911'),(18,'auth','0012_alter_user_first_name_max_length','2024-02-22 10:42:36.349390'),(19,'sessions','0001_initial','2024-02-22 10:42:36.387859');
/*!40000 ALTER TABLE `django_migrations` ENABLE KEYS */;
UNLOCK TABLES;

--
-- Table structure for table `django_session`
--

DROP TABLE IF EXISTS `django_session`;
/*!40101 SET @saved_cs_client     = @@character_set_client */;
/*!50503 SET character_set_client = utf8mb4 */;
CREATE TABLE `django_session` (
  `session_key` varchar(40) NOT NULL,
  `session_data` longtext NOT NULL,
  `expire_date` datetime(6) NOT NULL,
  PRIMARY KEY (`session_key`),
  KEY `django_session_expire_date_a5c62663` (`expire_date`)
) ENGINE=InnoDB DEFAULT CHARSET=utf8mb4 COLLATE=utf8mb4_0900_ai_ci;
/*!40101 SET character_set_client = @saved_cs_client */;

--
-- Dumping data for table `django_session`
--

LOCK TABLES `django_session` WRITE;
/*!40000 ALTER TABLE `django_session` DISABLE KEYS */;
INSERT INTO `django_session` VALUES ('27gkjpgvz7edprmovbsqwgrsw60a8ede','.eJxVjDsOwjAQBe_iGln-fyjpOYO1u7ZxADlSnFSIu0OkFNC-mXkvlmBbW9pGWdKU2ZlJdvrdEOhR-g7yHfpt5jT3dZmQ7wo_6ODXOZfn5XD_DhqM9q2jp1CCkgZQ26xsjbYKrwxmMgKd9BCitiEIQpcRlfGkVam6RgcBNbD3B9ajN9o:1rd6Xo:6xLj-nyz3JNloQMgzYb71UuNCl9m17N-2cQv-keMFdA','2024-03-07 10:43:12.969574');
/*!40000 ALTER TABLE `django_session` ENABLE KEYS */;
UNLOCK TABLES;
/*!40103 SET TIME_ZONE=@OLD_TIME_ZONE */;

/*!40101 SET SQL_MODE=@OLD_SQL_MODE */;
/*!40014 SET FOREIGN_KEY_CHECKS=@OLD_FOREIGN_KEY_CHECKS */;
/*!40014 SET UNIQUE_CHECKS=@OLD_UNIQUE_CHECKS */;
/*!40101 SET CHARACTER_SET_CLIENT=@OLD_CHARACTER_SET_CLIENT */;
/*!40101 SET CHARACTER_SET_RESULTS=@OLD_CHARACTER_SET_RESULTS */;
/*!40101 SET COLLATION_CONNECTION=@OLD_COLLATION_CONNECTION */;
/*!40111 SET SQL_NOTES=@OLD_SQL_NOTES */;

-- Dump completed on 2024-02-22 11:47:19
